	total_count	articles_spanned	batches_spanned	freq_per_article	freq_per_batch	batch_set	batch_count	articles_set
rapamycin	1057	614	10	1.721498371335505	105.7	{0, 1, 2, 3, 4, 5, 6, 7, 8, 9}	{0: 87, 1: 104, 2: 127, 3: 109, 4: 120, 5: 133, 6: 102, 7: 104, 8: 105, 9: 66}	{'16707451', '22457331', '29415880', '34877936', '25580270', '14668532', '25324725', '19602587', '33634104', '19299312', '28844017', '28938574', '28694334', '17956308', '31335226', '27263037', '17521703', '35246210', '19966866', '30250638', '34101831', '15624760', '16322235', '30684511', '20038814', '22903760', '17290308', '28723536', '29501742', '33834258', '30684133', '34206526', '26224859', '25639352', '29023667', '28336152', '30723133', '26239613', '19297407', '34006213', '22362037', '23851502', '16845661', '19694899', '28611587', '20498714', '33183431', '19854379', '17962806', '32610114', '29364507', '22578218', '32973442', '26820714', '32222129', '29941307', '20666708', '24806451', '19129461', '18308511', '25005758', '31333563', '27004103', '23049074', '30509037', '28057888', '30467464', '21674478', '25738543', '23804073', '33816078', '33406024', '18177819', '33578443', '31949495', '26067126', '19506736', '18547304', '27746591', '34763482', '30816216', '30256787', '25986747', '29287601', '26190969', '32071825', '28972182', '23810968', '20698768', '19028034', '21784859', '24593867', '16636147', '34520980', '22128018', '34870542', '27226234', '33352195', '19451232', '16959613', '18974783', '30696882', '28800130', '30728291', '14500340', '23359422', '27387347', '27833825', '18926585', '24270422', '29929111', '24606538', '26853465', '30144504', '31325707', '12403809', '35241183', '16244323', '19596836', '17670836', '27078846', '19143635', '24740400', '31534984', '25425965', '24615476', '24189100', '23355874', '25288394', '32484794', '16575396', '24507694', '28663780', '18073529', '19934433', '23386324', '20081363', '31335987', '30581017', '33597177', '21212099', '15150271', '19286253', '22508056', '25548102', '12781866', '17706618', '16862180', '20573703', '26220190', '29089812', '19281842', '21321084', '15094765', '29478616', '17371247', '21561859', '19047368', '29143563', '20526286', '26061549', '34348978', '17041622', '32615844', '19747374', '15854902', '23143994', '26167915', '32541317', '24466367', '28637240', '21808151', '25351248', '30518907', '21482669', '33072782', '26159692', '24486221', '27557496', '16912167', '23596569', '33857392', '17346240', '30247156', '31761686', '28367235', '34295558', '25897262', '23136410', '28356345', '20350529', '24077282', '19539245', '28302666', '26713679', '30808980', '23903681', '29476223', '23392671', '26289591', '30271915', '17043358', '20132221', '21949518', '33897589', '32401131', '24558502', '19420259', '18806097', '18413730', '25510732', '27519418', '17541983', '31636454', '15565817', '18568033', '19690069', '28701918', '28053551', '16382052', '31865844', '16757313', '21412983', '16968213', '20412061', '15563019', '23401075', '27754935', '23871289', '18809716', '34220329', '28520214', '14990989', '32091432', '31884871', '24275666', '34078440', '27593484', '28294062', '17986349', '32585629', '29389670', '23882125', '18292222', '28061838', '16391386', '25601637', '24889507', '33972181', '33773987', '23159330', '26927950', '23485365', '35305083', '12773158', '31591157', '27678300', '28092822', '28888969', '26241748', '22627626', '28089566', '33836894', '17028174', '26253278', '22412198', '18598780', '27042238', '16393152', '23250422', '19342893', '18466115', '32765227', '26213322', '16757352', '25466966', '30190613', '31125447', '33431351', '20698845', '24318044', '31668132', '16424383', '23690211', '21723501', '22484804', '18845692', '22848848', '15342917', '23980085', '23622183', '27819329', '25380949', '20159776', '20354178', '19176385', '28386314', '30034322', '33860865', '26564073', '33041968', '33902956', '30444165', '21224066', '22018000', '24672426', '32927859', '30842342', '30904097', '18830229', '19348060', '22161988', '22130643', '30290719', '20169078', '12271141', '32279296', '30622053', '28079897', '25578782', '19429661', '31353861', '20146692', '19843635', '34279736', '24280772', '17402792', '18198340', '31216956', '30920609', '21805467', '21063108', '23612979', '22125081', '18302728', '30095976', '16258273', '32338549', '28013293', '25833943', '14993219', '32579942', '24662006', '19458266', '24129405', '26526985', '31676823', '32721041', '20427478', '27216612', '18511518', '34135323', '14729330', '32781001', '23953116', '22848663', '31605778', '26693177', '23838844', '26931735', '34707679', '25315683', '27756573', '24574959', '19435890', '25271321', '26003087', '15728574', '29653868', '33193709', '24216105', '16684541', '18490760', '19234517', '15578690', '31958214', '28400571', '22791749', '22457330', '30336374', '30268611', '29285173', '17052453', '19368729', '26382847', '27793946', '19593385', '20038806', '35435531', '28479301', '27974549', '20008787', '15856327', '30141265', '27516389', '24282297', '15780592', '23555865', '32738450', '25710488', '19385061', '12172555', '27797139', '34349839', '25332234', '22795129', '30297426', '18550814', '12711473', '22544507', '23108404', '20133820', '17990907', '27543366', '16728407', '26683340', '30087333', '27871249', '17114181', '26051878', '26846849', '33891611', '19406939', '25591831', '25613864', '28043938', '25175012', '22923433', '20235887', '12384518', '24304514', '18988856', '15562827', '32890589', '31433805', '16339216', '32767682', '24044547', '19395678', '33612456', '26296489', '31534053', '33863288', '14607085', '34044827', '24203997', '22980037', '18495876', '24056156', '30230171', '17308101', '30527742', '19143643', '21428921', '21243421', '16365087', '29416624', '33585271', '22674026', '16412252', '20924998', '30144045', '26775702', '35169091', '25984893', '28746872', '25213336', '21890496', '34417327', '30976976', '26991739', '16300636', '12906785', '21744334', '26026094', '33668092', '28183733', '26037201', '18080139', '31263418', '22025691', '29559472', '23446718', '27032892', '23519178', '26706015', '18854862', '19356717', '21199794', '28027327', '26655465', '22431589', '20145209', '31313716', '28903387', '20457704', '15545625', '25347447', '19148492', '27289491', '28721811', '34178631', '17562705', '34853810', '26356487', '18411301', '22763451', '24512506', '15988001', '12869586', '22745582', '21436046', '11875047', '17234746', '18030348', '18790744', '12172553', '18342602', '18386114', '32211034', '34146544', '28775826', '26626406', '27585680', '19917366', '27524416', '21403402', '20054236', '29941212', '21629335', '33285244', '31018109', '32306421', '26500758', '26092412', '18496427', '18094094', '34079249', '22696685', '19250671', '30349304', '26122303', '15483652', '26393506', '16039868', '19738049', '29743490', '28439198', '24818661', '23812052', '29339522', '23265840', '27225870', '26780363', '35359406', '27680012', '33166139', '15956249', '25105207', '21709159', '29344236', '18336631', '23426956', '23879512', '28789352', '31733185', '15755954', '20643380', '26296882', '31955578', '32431684', '26975583', '28275690', '23580196', '20605525', '22884327', '25157160', '20473305', '15557109', '35148846', '23730262', '25082895', '23416465', '19401700', '14561707', '25283550', '21062901', '21806479', '20622121', '27127460', '32761379', '16545079', '33981751', '22301052', '25807795', '17637444', '24948799', '25658305', '18204792', '23386687', '35458174', '26849906', '21419611', '22125080', '27625244', '30266297', '30304677', '33352197', '26052552', '26923434', '32739207', '21896734', '29396625', '23776173'}
everolimus	174	68	10	2.5588235294117645	17.4	{0, 1, 2, 3, 4, 5, 6, 7, 8, 9}	{0: 5, 1: 20, 2: 26, 3: 15, 4: 8, 5: 34, 6: 13, 7: 29, 8: 15, 9: 9}	{'24929024', '26859683', '31389395', '28663780', '22544507', '30032281', '25380949', '25897262', '28547571', '28092822', '23730262', '32222129', '30220708', '28386314', '27543366', '21806479', '35022853', '25724664', '26375845', '28439198', '30159145', '29476223', '26289591', '33981751', '23812052', '21916571', '23714559', '33727259', '20703486', '25580270', '33816078', '29478616', '25591831', '34349839', '27216612', '27680012', '32927859', '33431351', '22923433', '30285856', '30327302', '34422335', '33575217', '33842348', '23845174', '32563542', '31335226', '27263037', '23879512', '19527517', '28637240', '23446718', '35246210', '32890589', '27585680', '28053551', '31955578', '26706015', '26927950', '33986025', '25688512', '24044547', '26604019', '27809914', '33863288', '26500758', '32071825', '26092412'}
glucose	87	36	10	2.4166666666666665	8.7	{0, 1, 2, 3, 4, 5, 6, 7, 8, 9}	{0: 5, 1: 2, 2: 6, 3: 19, 4: 7, 5: 7, 6: 18, 7: 2, 8: 10, 9: 11}	{'24216105', '28776456', '31761686', '32133736', '31787541', '26169313', '23666760', '29416624', '32252351', '19451232', '27004103', '27754935', '30268611', '16170341', '26846849', '26213322', '22018000', '27453294', '24275666', '32721041', '20427478', '22457523', '18511518', '21698073', '21036700', '20364113', '31919282', '30266297', '26923434', '26159692', '30622053', '25578782', '18949383', '25639470', '23142078', '31744486'}
phospho	82	32	10	2.5625	8.2	{0, 1, 2, 3, 4, 5, 6, 7, 8, 9}	{0: 12, 1: 7, 2: 2, 3: 13, 4: 4, 5: 5, 6: 11, 7: 7, 8: 19, 9: 2}	{'16575396', '29764404', '28776456', '18495876', '19234517', '27416896', '15455405', '18085521', '23871289', '25548102', '34538873', '17706618', '26318033', '29339522', '24512506', '26846849', '26213322', '32325422', '30303819', '20526286', '25234729', '18386114', '17521703', '29185092', '17483958', '19265534', '25510732', '29509898', '27625244', '32616874', '15624760', '21403402'}
sirolimus	79	38	9	2.0789473684210527	8.777777777777779	{0, 1, 2, 4, 5, 6, 7, 8, 9}	{0: 4, 1: 18, 2: 8, 4: 6, 5: 7, 6: 4, 7: 6, 8: 5, 9: 21}	{'28663780', '29764404', '20457704', '21874011', '22544507', '22927055', '34295558', '25897262', '23730262', '28386314', '19539245', '28439198', '26289591', '23812052', '29339522', '33902956', '28576630', '25580270', '27833825', '19368729', '29478616', '29885404', '17637444', '17986349', '23879512', '33922083', '32541317', '16845661', '20048174', '21915260', '33773987', '32279296', '21525172', '28053551', '26927950', '35499412', '24044547', '26604019'}
amino acid	57	36	8	1.5833333333333333	7.125	{2, 3, 4, 5, 6, 7, 8, 9}	{2: 5, 3: 13, 4: 13, 5: 1, 6: 5, 7: 9, 8: 5, 9: 6}	{'16684541', '22903760', '21784859', '18550814', '24627160', '34728310', '17028174', '34827885', '29897930', '25338081', '22508056', '25790369', '18302728', '26988032', '21763421', '30268611', '17052453', '27387347', '24275666', '25613864', '21698073', '32781001', '12906785', '24318044', '19747374', '17956308', '22161988', '21808151', '30290719', '25351248', '29483507', '26159692', '18854862', '12172555', '29364507', '17637564'}
serine	39	33	10	1.1818181818181819	3.9	{0, 1, 2, 3, 4, 5, 6, 7, 8, 9}	{0: 7, 1: 6, 2: 4, 3: 1, 4: 1, 5: 8, 6: 4, 7: 1, 8: 3, 9: 4}	{'17346240', '23980085', '22980037', '20622004', '21063108', '26393506', '18555664', '16914728', '25984893', '14993219', '26289591', '24818661', '30733194', '26051878', '22745582', '26846849', '21436046', '23804073', '27387347', '18926585', '29722913', '17077083', '21765414', '29448085', '20364113', '31325707', '30290719', '29483507', '19854379', '25710488', '27557496', '18949383', '24615476'}
amino acids	34	27	10	1.2592592592592593	3.4	{0, 1, 2, 3, 4, 5, 6, 7, 8, 9}	{0: 2, 1: 1, 2: 1, 3: 4, 4: 5, 5: 5, 6: 5, 7: 5, 8: 1, 9: 5}	{'16684541', '17346240', '25338081', '26988032', '16170341', '26846849', '32765227', '27387347', '15094765', '16757352', '14668532', '17371247', '17077083', '32781001', '34006213', '20364113', '17041622', '19747374', '17956308', '22161988', '28712664', '30290719', '12271141', '25351248', '16339216', '26159692', '29364507'}
oxygen	33	25	9	1.32	3.6666666666666665	{0, 1, 2, 4, 5, 6, 7, 8, 9}	{0: 1, 1: 2, 2: 3, 4: 5, 5: 4, 6: 2, 7: 4, 8: 7, 9: 5}	{'23197407', '28776456', '24627160', '23416465', '26169313', '21805467', '32252351', '23257465', '16412252', '33860865', '18809716', '31884871', '34535574', '27453294', '31125447', '22362037', '27313493', '20448661', '27519418', '29416749', '26159692', '18230340', '16322235', '25484085', '23810968'}
leucine	33	13	9	2.5384615384615383	3.6666666666666665	{0, 1, 2, 4, 5, 6, 7, 8, 9}	{0: 4, 1: 1, 2: 5, 4: 2, 5: 1, 6: 10, 7: 1, 8: 8, 9: 1}	{'21808151', '20851890', '25658305', '18806097', '27824141', '24740400', '17956308', '34827885', '29364507', '33285244', '19129461', '16365087', '30034322'}
metformin	31	6	5	5.166666666666667	6.2	{2, 6, 7, 8, 9}	{2: 7, 6: 6, 7: 11, 8: 1, 9: 6}	{'33968030', '28089566', '21436046', '26921394', '25688512', '24466367'}
amp	28	26	8	1.0769230769230769	3.5	{0, 1, 2, 5, 6, 7, 8, 9}	{0: 6, 1: 3, 2: 4, 5: 1, 6: 1, 7: 1, 8: 5, 9: 7}	{'21941369', '15545625', '31865844', '28089566', '28721811', '29897930', '19176385', '33834258', '22791749', '32252351', '27127460', '18555664', '25984893', '15988001', '21436046', '26921394', '20427478', '20851890', '28294062', '21383064', '14651849', '25510732', '30290719', '23644529', '18692468', '32939338'}
threonine	26	25	8	1.04	3.25	{0, 1, 2, 3, 5, 6, 8, 9}	{0: 7, 1: 3, 2: 1, 3: 1, 5: 6, 6: 2, 8: 3, 9: 3}	{'17346240', '23980085', '22980037', '20622004', '26393506', '18555664', '25984893', '14993219', '26289591', '24818661', '30733194', '26051878', '22745582', '21436046', '23804073', '27387347', '18926585', '29722913', '21765414', '31325707', '30290719', '29483507', '19854379', '25710488', '24615476'}
phosphatidylinositol	23	19	8	1.2105263157894737	2.875	{0, 1, 2, 3, 4, 6, 7, 9}	{0: 1, 1: 2, 2: 3, 3: 2, 4: 3, 6: 4, 7: 6, 9: 2}	{'15342917', '17402792', '33857392', '16288292', '30920609', '18411301', '32579942', '24662006', '15094765', '18790744', '20427478', '19602587', '26239613', '27860216', '27032892', '25351248', '15755954', '20013032', '26190969'}
curcumin	23	4	3	5.75	7.666666666666667	{8, 9, 3}	{3: 10, 8: 10, 9: 3}	{'19176385', '28637240', '32530070', '18790744'}
estrogen	21	13	7	1.6153846153846154	3.0	{0, 2, 5, 6, 7, 8, 9}	{0: 2, 2: 1, 5: 3, 6: 6, 7: 2, 8: 5, 9: 2}	{'23690211', '33773987', '21874011', '27524416', '25347447', '26604019', '27557496', '26880751', '25580270', '26075823', '30620711', '25283550', '20658316'}
rad001	20	9	6	2.2222222222222223	3.3333333333333335	{2, 4, 6, 7, 8, 9}	{2: 1, 4: 6, 6: 3, 7: 7, 8: 2, 9: 1}	{'30297426', '25724664', '29416749', '18495876', '20703486', '20692828', '26693177', '19527517', '25283550'}
tyrosine	20	20	9	1.0	2.2222222222222223	{0, 1, 2, 3, 4, 6, 7, 8, 9}	{0: 3, 1: 1, 2: 2, 3: 1, 4: 2, 6: 2, 7: 1, 8: 2, 9: 6}	{'26859683', '17290308', '16288292', '34827885', '20692828', '30220708', '25619751', '26846849', '17043358', '20851890', '33842348', '33775530', '32541317', '22789312', '28550454', '24576404', '21199794', '18949383', '23006971', '20038814'}
alcohol	20	4	2	5.0	10.0	{8, 6}	{6: 3, 8: 17}	{'34178631', '25484085', '31733185', '18336631'}
atp	18	12	8	1.5	2.25	{0, 1, 2, 4, 5, 6, 7, 8}	{0: 1, 1: 2, 2: 2, 4: 6, 5: 1, 6: 1, 7: 1, 8: 4}	{'32890589', '22884327', '33860865', '28938574', '26159692', '31955578', '32738450', '15988001', '27313493', '23386687', '27519418', '23142078'}
ser	17	12	7	1.4166666666666667	2.4285714285714284	{0, 1, 2, 4, 6, 7, 8}	{0: 3, 1: 1, 2: 1, 4: 5, 6: 4, 7: 2, 8: 1}	{'20427478', '28712664', '15342917', '19420259', '22786721', '22737271', '19143635', '26846849', '27557496', '18336631', '17562705', '14668532'}
etoh	17	1	1	17.0	17.0	{8}	{8: 17}	{'18336631'}
glutamine	17	5	5	3.4	3.4	{2, 3, 6, 8, 9}	{2: 2, 3: 3, 6: 5, 8: 2, 9: 5}	{'29483507', '30622053', '25082895', '23142078', '25613864'}
fatty acid	17	13	7	1.3076923076923077	2.4285714285714284	{0, 2, 3, 4, 6, 8, 9}	{0: 2, 2: 1, 3: 3, 4: 2, 6: 3, 8: 3, 9: 3}	{'27004103', '31433805', '26923434', '25213336', '32939338', '23143994', '31551937', '30620711', '31787541', '25510732', '34146544', '29885404', '32721041'}
potassium	16	5	4	3.2	4.0	{9, 2, 3, 4}	{2: 4, 3: 5, 4: 6, 9: 1}	{'32401131', '22884327', '24203997', '19385061', '16393152'}
cisplatin	16	5	3	3.2	5.333333333333333	{9, 2, 6}	{2: 2, 6: 11, 9: 3}	{'24929024', '27270441', '26500758', '22246235', '26146406'}
camp	15	7	5	2.142857142857143	3.0	{1, 2, 5, 8, 9}	{1: 1, 2: 1, 5: 3, 8: 9, 9: 1}	{'29323708', '21763421', '16300636', '24576404', '29339522', '24189100', '34417327'}
gtp	14	7	6	2.0	2.3333333333333335	{1, 3, 4, 5, 6, 9}	{1: 1, 3: 1, 4: 2, 5: 1, 6: 2, 9: 7}	{'14729330', '18550814', '16170341', '17041622', '15854902', '15340059', '15728574'}
aicar	13	5	4	2.6	3.25	{8, 1, 2, 9}	{1: 1, 2: 1, 8: 9, 9: 2}	{'30250638', '31865844', '21383064', '18806097', '21436046'}
cpt	13	1	1	13.0	13.0	{7}	{7: 13}	{'28061838'}
atorvastatin	13	3	3	4.333333333333333	4.333333333333333	{8, 1, 9}	{1: 10, 8: 2, 9: 1}	{'19368729', '28844017', '26853465'}
sorafenib	12	4	2	3.0	6.0	{8, 7}	{7: 4, 8: 8}	{'19368729', '20692828', '33375770', '28092822'}
ethanol	11	1	1	11.0	11.0	{6}	{6: 11}	{'25484085'}
resveratrol	10	4	4	2.5	2.5	{0, 1, 3, 9}	{0: 1, 1: 5, 3: 1, 9: 3}	{'24304514', '27225870', '20169165', '20851890'}
bpa	10	1	1	10.0	10.0	{6}	{6: 10}	{'31551937'}
iron	10	3	2	3.3333333333333335	5.0	{2, 5}	{2: 8, 5: 2}	{'20448661', '19854379', '32071825'}
amino - acid	10	6	5	1.6666666666666667	2.0	{3, 4, 5, 6, 8}	{3: 1, 4: 6, 5: 1, 6: 1, 8: 1}	{'16170341', '19234517', '17041622', '15854902', '15483652', '18830229'}
thr	10	8	6	1.25	1.6666666666666667	{0, 1, 4, 5, 7, 8}	{0: 1, 1: 1, 4: 4, 5: 2, 7: 1, 8: 1}	{'28712664', '14993219', '19420259', '22737271', '27557496', '18336631', '17562705', '21561859'}
androgen	10	3	2	3.3333333333333335	5.0	{3, 7}	{3: 4, 7: 6}	{'27557496', '24318044', '21036700'}
progesterone	9	8	6	1.125	1.5	{2, 4, 5, 6, 7, 9}	{2: 1, 4: 2, 5: 2, 6: 2, 7: 1, 9: 1}	{'23690211', '19299312', '21874011', '34707679', '22128018', '26604019', '24113030', '25283550'}
fenofibrate	9	1	1	9.0	9.0	{5}	{5: 9}	{'27313493'}
proline	9	8	5	1.125	1.8	{1, 5, 6, 7, 8}	{1: 2, 5: 1, 6: 2, 7: 2, 8: 2}	{'30290719', '27756573', '25105207', '26159692', '18806097', '34827885', '19281842', '18030348'}
rtp801	9	2	2	4.5	4.5	{8, 1}	{1: 5, 8: 4}	{'25324725', '20473305'}
rsv	9	1	1	9.0	9.0	{0}	{0: 9}	{'20851890'}
3 - brpa	8	1	1	8.0	8.0	{2}	{2: 8}	{'30622053'}
cbd	8	1	1	8.0	8.0	{7}	{7: 8}	{'30684511'}
gemcitabine	8	2	2	4.0	4.0	{2, 6}	{2: 1, 6: 7}	{'24929024', '26500758'}
cb - 839	8	1	1	8.0	8.0	{2}	{2: 8}	{'30622053'}
yangonin	8	1	1	8.0	8.0	{9}	{9: 8}	{'28959001'}
ca2 +	8	2	2	4.0	4.0	{2, 6}	{2: 7, 6: 1}	{'34417327', '25484085'}
temsirolimus	8	5	3	1.6	2.6666666666666665	{1, 6, 7}	{1: 3, 6: 4, 7: 1}	{'22544507', '28302097', '31653662', '23714559', '26780363'}
cysteine	8	5	5	1.6	1.6	{1, 4, 5, 6, 7}	{1: 1, 4: 4, 5: 1, 6: 1, 7: 1}	{'21874011', '21784859', '34069976', '26220190', '34827885'}
sertraline	8	1	1	8.0	8.0	{5}	{5: 8}	{'20354178'}
rosuvastatin	8	1	1	8.0	8.0	{8}	{8: 8}	{'23426956'}
alanine	7	6	5	1.1666666666666667	1.4	{2, 3, 4, 6, 7}	{2: 1, 3: 2, 4: 1, 6: 1, 7: 2}	{'16339216', '33968030', '26846849', '28356345', '34827885', '21561859'}
cholesterol	7	2	2	3.5	3.5	{1, 9}	{1: 1, 9: 6}	{'28844017', '26853465'}
dexamethasone	7	3	3	2.3333333333333335	2.3333333333333335	{1, 2, 4}	{1: 1, 2: 5, 4: 1}	{'32484794', '29416749', '28972182'}
gsk2126458	7	1	1	7.0	7.0	{2}	{2: 7}	{'28938574'}
tio2	7	1	1	7.0	7.0	{7}	{7: 7}	{'30461191'}
rapa	7	3	3	2.3333333333333335	2.3333333333333335	{3, 4, 7}	{3: 1, 4: 2, 7: 4}	{'30634218', '33406024', '23882125'}
vitamin d3	7	1	1	7.0	7.0	{7}	{7: 7}	{'26820714'}
gartanin	6	1	1	6.0	6.0	{3}	{3: 6}	{'23682785'}
simvastatin	6	3	3	2.0	2.0	{8, 1, 5}	{1: 1, 5: 2, 8: 3}	{'25897262', '21482669', '25580270'}
nucleotide	6	5	4	1.2	1.5	{9, 3, 6, 7}	{3: 1, 6: 2, 7: 1, 9: 2}	{'26859683', '15854902', '29891519', '27863419', '31160355'}
rsg	6	1	1	6.0	6.0	{6}	{6: 6}	{'27734035'}
ca ( 2 + )	6	1	1	6.0	6.0	{5}	{5: 6}	{'23108404'}
bisulfite	6	6	4	1.0	1.5	{0, 2, 3, 6}	{0: 2, 2: 2, 3: 1, 6: 1}	{'30634218', '33352197', '18538015', '22246235', '33532487', '25807795'}
5 - aza - cdr	6	1	1	6.0	6.0	{0}	{0: 6}	{'31325707'}
srl	6	1	1	6.0	6.0	{2}	{2: 6}	{'33902956'}
paraffin	6	6	3	1.0	2.0	{9, 2, 3}	{2: 1, 3: 4, 9: 1}	{'27625244', '26859683', '32966992', '28723536', '33902956', '33775530'}
baclofen	6	2	1	3.0	6.0	{7}	{7: 6}	{'32705128', '34279736'}
vitamin a	6	1	1	6.0	6.0	{6}	{6: 6}	{'34178631'}
ly294002	6	4	4	1.5	1.5	{8, 9, 4, 7}	{4: 1, 7: 2, 8: 1, 9: 2}	{'30816216', '17562705', '17592551', '20698845'}
fumarate	6	4	3	1.5	2.0	{8, 9, 5}	{5: 3, 8: 2, 9: 1}	{'26169313', '30067967', '33183792', '27453294'}
bortezomib	6	2	2	3.0	3.0	{5, 7}	{5: 1, 7: 5}	{'23612979', '25915427'}
pma	6	2	2	3.0	3.0	{2, 5}	{2: 1, 5: 5}	{'17290308', '22696685'}
wortmannin	6	6	4	1.0	1.5	{2, 3, 4, 7}	{2: 2, 3: 1, 4: 1, 7: 2}	{'20427478', '12403809', '26239613', '12906785', '20412061', '17234746'}
methionine	6	2	2	3.0	3.0	{8, 7}	{7: 1, 8: 5}	{'33958489', '34827885'}
bleomycin	6	2	1	3.0	6.0	{0}	{0: 6}	{'26382847', '32585629'}
cc - 36	6	1	1	6.0	6.0	{7}	{7: 6}	{'25005758'}
tor	6	6	5	1.0	1.2	{2, 3, 5, 6, 8}	{2: 1, 3: 1, 5: 1, 6: 2, 8: 1}	{'16684541', '15755954', '17041622', '15854902', '12172555', '15780592'}
no	5	2	2	2.5	2.5	{3, 7}	{3: 1, 7: 4}	{'22412198', '24398473'}
bile acid	5	1	1	5.0	5.0	{4}	{4: 5}	{'18413730'}
1, 25 ( oh ) 2 d3	5	1	1	5.0	5.0	{3}	{3: 5}	{'29416624'}
1, 25 ( oh ) 2d3	5	2	1	2.5	5.0	{3}	{3: 5}	{'26213322', '29416624'}
formalin	5	5	2	1.0	2.5	{9, 3}	{3: 4, 9: 1}	{'27625244', '26859683', '32966992', '28723536', '33775530'}
platinum	5	3	3	1.6666666666666667	1.6666666666666667	{9, 3, 6}	{3: 3, 6: 1, 9: 1}	{'32767682', '30842342', '27270441'}
ca - 125	5	1	1	5.0	5.0	{9}	{9: 5}	{'28576630'}
carboplatin	5	1	1	5.0	5.0	{8}	{8: 5}	{'26375845'}
poly - q	5	1	1	5.0	5.0	{7}	{7: 5}	{'25351248'}
cooh	5	1	1	5.0	5.0	{7}	{7: 5}	{'21593791'}
fdg	5	1	1	5.0	5.0	{5}	{5: 5}	{'18511518'}
avp	5	1	1	5.0	5.0	{4}	{4: 5}	{'24216105'}
purine	5	2	2	2.5	2.5	{9, 2}	{2: 1, 9: 4}	{'32939338', '31955578'}
5 - ht	5	1	1	5.0	5.0	{4}	{4: 5}	{'25315683'}
dopamine	5	2	2	2.5	2.5	{8, 5}	{5: 4, 8: 1}	{'31780742', '22306264'}
mln0128	5	1	1	5.0	5.0	{8}	{8: 5}	{'23386687'}
vigabatrin	5	4	4	1.25	1.25	{8, 2, 3, 7}	{2: 2, 3: 1, 7: 1, 8: 1}	{'32563542', '31353861', '18345974', '34349839'}
astrin	5	1	1	5.0	5.0	{8}	{8: 5}	{'23953116'}
retinoic acid	5	3	3	1.6666666666666667	1.6666666666666667	{3, 5, 6}	{3: 1, 5: 1, 6: 3}	{'34178631', '30444165', '16393152'}
acetyl - coa	5	3	3	1.6666666666666667	1.6666666666666667	{0, 8, 6}	{0: 3, 6: 1, 8: 1}	{'25510732', '31551937', '31433805'}
glutathione	5	5	3	1.0	1.6666666666666667	{9, 6, 7}	{6: 1, 7: 1, 9: 3}	{'29483507', '27756752', '26220190', '30682390', '34827885'}
mtt	5	5	3	1.0	1.6666666666666667	{1, 2, 7}	{1: 1, 2: 1, 7: 3}	{'26239613', '21593791', '34044827', '30396185', '24318044'}
ppis	5	1	1	5.0	5.0	{0}	{0: 5}	{'30349304'}
17 - aag	5	1	1	5.0	5.0	{1}	{1: 5}	{'19148492'}
docetaxel	5	3	3	1.6666666666666667	1.6666666666666667	{8, 9, 6}	{6: 3, 8: 1, 9: 1}	{'28959001', '26375845', '26500758'}
compound c	5	5	3	1.0	1.6666666666666667	{8, 9, 7}	{7: 1, 8: 2, 9: 2}	{'26975583', '31787541', '28061838', '19176385', '25510732'}
isoproterenol	5	2	1	2.5	5.0	{1}	{1: 5}	{'29339522', '28400571'}
chloroquine	5	5	4	1.0	1.25	{0, 9, 2, 4}	{0: 1, 2: 1, 4: 1, 9: 2}	{'21808151', '31865844', '26853465', '31884871', '26382847'}
buparlisib	5	1	1	5.0	5.0	{6}	{6: 5}	{'32767682'}
carbohydrates	4	2	2	2.0	2.0	{8, 7}	{7: 3, 8: 1}	{'21999454', '22018000'}
fto	4	1	1	4.0	4.0	{0}	{0: 4}	{'29501742'}
pemetrexed	4	1	1	4.0	4.0	{6}	{6: 4}	{'26780363'}
doxycycline	4	3	3	1.3333333333333333	1.3333333333333333	{0, 8, 4}	{0: 1, 4: 1, 8: 2}	{'19368729', '22025691', '26382847'}
pqr620	4	2	2	2.0	2.0	{1, 6}	{1: 1, 6: 3}	{'32890589', '33166139'}
creatine	4	1	1	4.0	4.0	{2}	{2: 4}	{'32071825'}
zmp	4	1	1	4.0	4.0	{9}	{9: 4}	{'32939338'}
bay 11 - 7082	4	2	2	2.0	2.0	{2, 4}	{2: 2, 4: 2}	{'18413730', '22848663'}
pazopanib	4	4	3	1.0	1.3333333333333333	{0, 9, 4}	{0: 1, 4: 1, 9: 2}	{'30220708', '31389395', '28860410', '33842348'}
mk - 2206	4	1	1	4.0	4.0	{0}	{0: 4}	{'28367235'}
calcium	4	4	4	1.0	1.0	{0, 8, 5, 6}	{0: 1, 5: 1, 6: 1, 8: 1}	{'30581017', '23108404', '25484085', '28294062'}
flortaucipir	4	1	1	4.0	4.0	{9}	{9: 4}	{'35241183'}
sxni	4	1	1	4.0	4.0	{7}	{7: 4}	{'32615844'}
mhy1485	4	1	1	4.0	4.0	{6}	{6: 4}	{'25710488'}
cpt - 11	4	1	1	4.0	4.0	{2}	{2: 4}	{'20054236'}
glutamate	4	4	4	1.0	1.0	{0, 4, 6, 7}	{0: 1, 4: 1, 6: 1, 7: 1}	{'26220190', '30760873', '21062901', '34827885'}
estradiol	4	3	3	1.3333333333333333	1.3333333333333333	{8, 2, 4}	{2: 1, 4: 1, 8: 2}	{'26880751', '34707679', '22128018'}
- 779	4	2	2	2.0	2.0	{8, 9}	{8: 2, 9: 2}	{'16845661', '17986349'}
salinomycin	4	1	1	4.0	4.0	{7}	{7: 4}	{'27557496'}
arginine	4	3	3	1.3333333333333333	1.3333333333333333	{9, 4, 7}	{4: 2, 7: 1, 9: 1}	{'15340059', '34827885', '15728574'}
lam	4	4	4	1.0	1.0	{1, 4, 6, 7}	{1: 1, 4: 1, 6: 1, 7: 1}	{'29339522', '27289491', '32279296', '28972182'}
pd98059	4	2	2	2.0	2.0	{1, 9}	{1: 2, 9: 2}	{'19539245', '17592551'}
copper	3	1	1	3.0	3.0	{2}	{2: 3}	{'32071825'}
knk437	3	1	1	3.0	3.0	{3}	{3: 3}	{'20350529'}
torin1	3	2	1	1.5	3.0	{0}	{0: 3}	{'23401075', '33891611'}
ganetespib	3	1	1	3.0	3.0	{0}	{0: 3}	{'33891611'}
ca²⁺	3	1	1	3.0	3.0	{6}	{6: 3}	{'24793415'}
cdps	3	1	1	3.0	3.0	{3}	{3: 3}	{'32617785'}
sterol	3	3	3	1.0	1.0	{8, 3, 6}	{3: 1, 6: 1, 8: 1}	{'35148846', '21723501', '31551937'}
pge2	3	2	2	1.5	1.5	{8, 9}	{8: 1, 9: 2}	{'25347447', '29287601'}
polyphenol	3	3	3	1.0	1.0	{0, 8, 9}	{0: 1, 8: 1, 9: 1}	{'19176385', '24304514', '20851890'}
gdp	3	2	2	1.5	1.5	{9, 4}	{4: 1, 9: 2}	{'15728574', '16728407'}
ftis	3	1	1	3.0	3.0	{4}	{4: 3}	{'15956249'}
tamoxifen	3	3	3	1.0	1.0	{3, 4, 5}	{3: 1, 4: 1, 5: 1}	{'25108739', '28275690', '29023667'}
votubia®	3	1	1	3.0	3.0	{9}	{9: 3}	{'27809914'}
α - galcer	3	1	1	3.0	3.0	{6}	{6: 3}	{'24532578'}
ptdins ( 3 ) p	3	1	1	3.0	3.0	{0}	{0: 3}	{'27409169'}
h ( 2 ) o ( 2 )	3	1	1	3.0	3.0	{6}	{6: 3}	{'19281842'}
phosphoinositide	3	3	3	1.0	1.0	{0, 4, 7}	{0: 1, 4: 1, 7: 1}	{'19143635', '12384518', '23810968'}
nitrogen	3	2	2	1.5	1.5	{4, 7}	{4: 2, 7: 1}	{'16624901', '18974783'}
gaba	3	3	3	1.0	1.0	{8, 3, 7}	{3: 1, 7: 1, 8: 1}	{'30683131', '30290719', '34279736'}
carb	3	1	1	3.0	3.0	{8}	{8: 3}	{'22018000'}
2 - deoxyglucose	3	3	2	1.0	1.5	{8, 3}	{3: 2, 8: 1}	{'32739207', '22018000', '29343513'}
2 - dg	3	1	1	3.0	3.0	{8}	{8: 3}	{'22018000'}
gsh	3	1	1	3.0	3.0	{1}	{1: 3}	{'19148492'}
testosterone	3	1	1	3.0	3.0	{3}	{3: 3}	{'21036700'}
cgp55845	3	1	1	3.0	3.0	{7}	{7: 3}	{'34279736'}
pqr626	3	2	2	1.5	1.5	{1, 6}	{1: 1, 6: 2}	{'32890589', '33166139'}
tca	3	3	3	1.0	1.0	{8, 9, 5}	{5: 1, 8: 1, 9: 1}	{'27624942', '30067967', '23142078'}
5 - azacytidine	3	1	1	3.0	3.0	{2}	{2: 3}	{'18538015'}
carnitine	3	3	3	1.0	1.0	{8, 2, 6}	{2: 1, 6: 1, 8: 1}	{'25510732', '34146544', '32721041'}
etoposide	3	1	1	3.0	3.0	{5}	{5: 3}	{'24189100'}
bafilomycin a1	3	3	2	1.0	1.5	{9, 6}	{6: 1, 9: 2}	{'31847700', '35435531', '31884871'}
adenosine monophosphate	3	3	3	1.0	1.0	{9, 5, 7}	{5: 1, 7: 1, 9: 1}	{'32939338', '28061838', '17041622'}
pentose phosphate	3	3	2	1.0	1.5	{8, 1}	{1: 1, 8: 2}	{'23596569', '27453294', '26169313'}
taxane	3	1	1	3.0	3.0	{6}	{6: 3}	{'26500758'}
kavalactones	3	1	1	3.0	3.0	{9}	{9: 3}	{'28959001'}
ccl4	3	1	1	3.0	3.0	{2}	{2: 3}	{'27819329'}
aldehyde	3	3	3	1.0	1.0	{2, 6, 7}	{2: 1, 6: 1, 7: 1}	{'34178631', '24466367', '26167915'}
5 - aminoimidazole - 4 - carboxamide ribonucleotide	3	2	2	1.5	1.5	{9, 2}	{2: 1, 9: 2}	{'31865844', '32939338'}
phosphate	3	2	2	1.5	1.5	{9, 5}	{5: 2, 9: 1}	{'15728574', '26061549'}
zinc	2	2	2	1.0	1.0	{9, 5}	{5: 1, 9: 1}	{'28561026', '25210733'}
5'amp	2	2	2	1.0	1.0	{8, 6}	{6: 1, 8: 1}	{'30268611', '17028174'}
diacylglycerol	2	2	2	1.0	1.0	{6, 7}	{6: 1, 7: 1}	{'22484804', '21128010'}
phorbol esters	2	1	1	2.0	2.0	{6}	{6: 2}	{'15342917'}
ecdysteroid	2	1	1	2.0	2.0	{5}	{5: 2}	{'29743490'}
rapamycins	2	2	2	1.0	1.0	{8, 4}	{4: 1, 8: 1}	{'30271915', '17562705'}
sodium butyrate	2	1	1	2.0	2.0	{7}	{7: 2}	{'33537033'}
guanine nucleotide	2	2	2	1.0	1.0	{9, 7}	{7: 1, 9: 1}	{'31847700', '18274553'}
doxorubicin	2	2	2	1.0	1.0	{5, 6}	{5: 1, 6: 1}	{'20354178', '26500758'}
dmso	2	2	2	1.0	1.0	{5, 7}	{5: 1, 7: 1}	{'29743490', '30032281'}
401	2	1	1	2.0	2.0	{4}	{4: 2}	{'17562705'}
eve	2	1	1	2.0	2.0	{7}	{7: 2}	{'33816078'}
anthraquinone	2	1	1	2.0	2.0	{7}	{7: 2}	{'25005758'}
vitamin d	2	2	2	1.0	1.0	{3, 7}	{3: 1, 7: 1}	{'26213322', '26820714'}
cyclosporine	2	1	1	2.0	2.0	{5}	{5: 2}	{'16039868'}
octreotide lar	2	1	1	2.0	2.0	{7}	{7: 2}	{'25688512'}
succinate	2	2	1	1.0	2.0	{8}	{8: 2}	{'26169313', '27453294'}
cyclophosphamide	2	2	2	1.0	1.0	{5, 6}	{5: 1, 6: 1}	{'23519178', '26526985'}
tricarboxylic acid	2	2	2	1.0	1.0	{9, 5}	{5: 1, 9: 1}	{'20448661', '27624942'}
asparagine	2	1	1	2.0	2.0	{4}	{4: 2}	{'15340059'}
carbon	2	2	2	1.0	1.0	{8, 7}	{7: 1, 8: 1}	{'23142078', '21593791'}
1	2	1	1	2.0	2.0	{6}	{6: 2}	{'27824141'}
aspartate	2	2	1	1.0	2.0	{7}	{7: 2}	{'34827885', '33968030'}
polycystin - 1	2	1	1	2.0	2.0	{5}	{5: 2}	{'20169078'}
phosphatidyl 3 - inositol	2	1	1	2.0	2.0	{6}	{6: 2}	{'32767682'}
nitric oxide	2	1	1	2.0	2.0	{7}	{7: 2}	{'24398473'}
prednisone	2	1	1	2.0	2.0	{8}	{8: 2}	{'26375845'}
3 - methyladenine	2	2	2	1.0	1.0	{4, 6}	{4: 1, 6: 1}	{'23903681', '28776456'}
eosin	2	2	1	1.0	2.0	{4}	{4: 2}	{'23903681', '26626406'}
glyceraldehyde - 3 - phosphate	2	1	1	2.0	2.0	{6}	{6: 2}	{'19451232'}
ipc	2	1	1	2.0	2.0	{4}	{4: 2}	{'23903681'}
nigericin	2	1	1	2.0	2.0	{4}	{4: 2}	{'27519418'}
csa	2	1	1	2.0	2.0	{5}	{5: 2}	{'22696685'}
lysine	2	2	2	1.0	1.0	{9, 4}	{4: 1, 9: 1}	{'27624942', '29143563'}
pyruvate	2	1	1	2.0	2.0	{5}	{5: 2}	{'27313493'}
fti	2	1	1	2.0	2.0	{4}	{4: 2}	{'15956249'}
asps	2	1	1	2.0	2.0	{7}	{7: 2}	{'23871289'}
pqr530	2	1	1	2.0	2.0	{6}	{6: 2}	{'32890589'}
8 - oxodg	2	1	1	2.0	2.0	{8}	{8: 2}	{'19265534'}
cci - 779	2	2	2	1.0	1.0	{8, 5}	{5: 1, 8: 1}	{'15578690', '17986349'}
-	2	2	2	1.0	1.0	{8, 9}	{8: 1, 9: 1}	{'16845661', '17986349'}
nesfatin - 1	2	1	1	2.0	2.0	{6}	{6: 2}	{'27824141'}
sodium	2	2	2	1.0	1.0	{0, 2}	{0: 1, 2: 1}	{'24203997', '31961824'}
o2 * -	2	1	1	2.0	2.0	{9}	{9: 2}	{'16322235'}
hydroxychloroquine	2	2	2	1.0	1.0	{1, 5}	{1: 1, 5: 1}	{'25897262', '25580270'}
( 3 ) h - leucine	2	1	1	2.0	2.0	{0}	{0: 2}	{'19348060'}
celecoxib	2	1	1	2.0	2.0	{9}	{9: 2}	{'27078846'}
2hg	2	1	1	2.0	2.0	{9}	{9: 2}	{'27624942'}
av1451	2	1	1	2.0	2.0	{9}	{9: 2}	{'35241183'}
l - leucine	2	2	2	1.0	1.0	{2, 3}	{2: 1, 3: 1}	{'26037201', '19406939'}
ser2448	2	2	2	1.0	1.0	{0, 7}	{0: 1, 7: 1}	{'31325707', '25005758'}
thr389	2	2	2	1.0	1.0	{0, 7}	{0: 1, 7: 1}	{'31325707', '25005758'}
sunitinib	2	1	1	2.0	2.0	{1}	{1: 2}	{'30327302'}
bso	2	1	1	2.0	2.0	{9}	{9: 2}	{'27756752'}
auranofin	2	1	1	2.0	2.0	{9}	{9: 2}	{'27756752'}
creatinine	2	2	2	1.0	1.0	{1, 5}	{1: 1, 5: 1}	{'33767704', '25380949'}
capsaicin	2	1	1	2.0	2.0	{0}	{0: 2}	{'28294062'}
α - ketoglutarate	2	2	1	1.0	2.0	{9}	{9: 2}	{'27756752', '27624942'}
adriamycin	2	1	1	2.0	2.0	{2}	{2: 2}	{'20054236'}
cycloheximide	2	2	2	1.0	1.0	{1, 2}	{1: 1, 2: 1}	{'21941369', '18030348'}
lactate	2	2	2	1.0	1.0	{2, 4}	{2: 1, 4: 1}	{'21199794', '28356345'}
inosine monophosphate	2	1	1	2.0	2.0	{9}	{9: 2}	{'32939338'}
dutp	2	2	2	1.0	1.0	{2, 4}	{2: 1, 4: 1}	{'23903681', '28356345'}
phospho - s6	2	2	2	1.0	1.0	{8, 2}	{2: 1, 8: 1}	{'15455405', '17706618'}
acyl	2	2	2	1.0	1.0	{1, 4}	{1: 1, 4: 1}	{'21063108', '30141265'}
isocitrate	2	1	1	2.0	2.0	{9}	{9: 2}	{'27624942'}
αkg	2	1	1	2.0	2.0	{9}	{9: 2}	{'27624942'}
cannabidiol	2	1	1	2.0	2.0	{8}	{8: 2}	{'34349839'}
phosphatidic acid	2	2	2	1.0	1.0	{1, 3}	{1: 1, 3: 1}	{'18550814', '25590233'}
brafv600e	2	1	1	2.0	2.0	{9}	{9: 2}	{'32401131'}
nmi	2	1	1	2.0	2.0	{9}	{9: 2}	{'26146406'}
ink128	2	1	1	2.0	2.0	{0}	{0: 2}	{'33891611'}
5 - aza - 2'- deoxycytidine	2	2	1	1.0	2.0	{0}	{0: 2}	{'31325707', '33352197'}
triglyceride	2	2	2	1.0	1.0	{8, 3}	{3: 1, 8: 1}	{'25510732', '25082895'}
ag1295	2	1	1	2.0	2.0	{3}	{3: 2}	{'28903387'}
α - mangostin	2	1	1	2.0	2.0	{3}	{3: 2}	{'23682785'}
5'- amp	2	2	2	1.0	1.0	{8, 3}	{3: 1, 8: 1}	{'18806097', '18790744'}
staurosporine	2	1	1	2.0	2.0	{0}	{0: 2}	{'31024074'}
l - [ 1 - 14 c ] leucine	1	1	1	1.0	1.0	{9}	{9: 1}	{'29364507'}
z - nucleotide monophosphate	1	1	1	1.0	1.0	{9}	{9: 1}	{'32939338'}
prostacyclin	1	1	1	1.0	1.0	{9}	{9: 1}	{'25347447'}
aas	1	1	1	1.0	1.0	{7}	{7: 1}	{'17371247'}
cryptotanshinone	1	1	1	1.0	1.0	{7}	{7: 1}	{'28061838'}
imp	1	1	1	1.0	1.0	{9}	{9: 1}	{'32939338'}
faicar	1	1	1	1.0	1.0	{9}	{9: 1}	{'32939338'}
pgi2	1	1	1	1.0	1.0	{9}	{9: 1}	{'25347447'}
methyl arachidonyl fluorophosphate	1	1	1	1.0	1.0	{9}	{9: 1}	{'25347447'}
phenanthraquinone	1	1	1	1.0	1.0	{7}	{7: 1}	{'28061838'}
5 - formamido - 4 - imidazolecarboxamide ribonucleotide	1	1	1	1.0	1.0	{9}	{9: 1}	{'32939338'}
atic	1	1	1	1.0	1.0	{9}	{9: 1}	{'32939338'}
740y - p	1	1	1	1.0	1.0	{7}	{7: 1}	{'30032281'}
phospho -	1	1	1	1.0	1.0	{7}	{7: 1}	{'20237422'}
bpv	1	1	1	1.0	1.0	{7}	{7: 1}	{'30032281'}
triglycerides	1	1	1	1.0	1.0	{7}	{7: 1}	{'23845174'}
palmitate	1	1	1	1.0	1.0	{9}	{9: 1}	{'31787541'}
4 - aminopyridine	1	1	1	1.0	1.0	{7}	{7: 1}	{'22578218'}
mafp	1	1	1	1.0	1.0	{9}	{9: 1}	{'25347447'}
palmitate fatty acid	1	1	1	1.0	1.0	{9}	{9: 1}	{'31787541'}
dimethylsulfoxide	1	1	1	1.0	1.0	{7}	{7: 1}	{'30032281'}
sinets	1	1	1	1.0	1.0	{7}	{7: 1}	{'31072588'}
prostaglandin e2	1	1	1	1.0	1.0	{9}	{9: 1}	{'25347447'}
wortmanin	1	1	1	1.0	1.0	{7}	{7: 1}	{'26239613'}
17β - estradiol	1	1	1	1.0	1.0	{7}	{7: 1}	{'30032281'}
pi3p	1	1	1	1.0	1.0	{7}	{7: 1}	{'17371247'}
triton x - 100	1	1	1	1.0	1.0	{9}	{9: 1}	{'31884871'}
anthocyanin	1	1	1	1.0	1.0	{9}	{9: 1}	{'30682390'}
mta	1	1	1	1.0	1.0	{9}	{9: 1}	{'27270441'}
urea	1	1	1	1.0	1.0	{7}	{7: 1}	{'18974783'}
phenylalanine	1	1	1	1.0	1.0	{7}	{7: 1}	{'34827885'}
wasp	1	1	1	1.0	1.0	{9}	{9: 1}	{'26393506'}
c9orf72	1	1	1	1.0	1.0	{9}	{9: 1}	{'31847700'}
prostaglandin	1	1	1	1.0	1.0	{9}	{9: 1}	{'25347447'}
valine	1	1	1	1.0	1.0	{7}	{7: 1}	{'34827885'}
isoleucine	1	1	1	1.0	1.0	{7}	{7: 1}	{'34827885'}
methylthioadenosine	1	1	1	1.0	1.0	{9}	{9: 1}	{'27270441'}
polyamine	1	1	1	1.0	1.0	{9}	{9: 1}	{'27270441'}
titanium dioxide	1	1	1	1.0	1.0	{7}	{7: 1}	{'30461191'}
prostaglandins	1	1	1	1.0	1.0	{9}	{9: 1}	{'25347447'}
phosphatidylinositol 3 - phosphate	1	1	1	1.0	1.0	{7}	{7: 1}	{'17371247'}
cytosine	1	1	1	1.0	1.0	{9}	{9: 1}	{'27270441'}
nano tio2	1	1	1	1.0	1.0	{7}	{7: 1}	{'30461191'}
homocysteine	1	1	1	1.0	1.0	{9}	{9: 1}	{'25984893'}
vemurafenib	1	1	1	1.0	1.0	{7}	{7: 1}	{'24398473'}
12 - deoxyphorbol 13 - palmitate	1	1	1	1.0	1.0	{7}	{7: 1}	{'26239613'}
glutathionine	1	1	1	1.0	1.0	{9}	{9: 1}	{'25984893'}
tryptophan	1	1	1	1.0	1.0	{7}	{7: 1}	{'34827885'}
crenolanib	1	1	1	1.0	1.0	{8}	{8: 1}	{'33375770'}
r - 2 - hydroxyglutarate	1	1	1	1.0	1.0	{9}	{9: 1}	{'27624942'}
779	1	1	1	1.0	1.0	{8}	{8: 1}	{'17986349'}
mcpyv	1	1	1	1.0	1.0	{8}	{8: 1}	{'25466966'}
dm1	1	1	1	1.0	1.0	{8}	{8: 1}	{'25498841'}
phospho - fmrp s499	1	1	1	1.0	1.0	{8}	{8: 1}	{'24806451'}
phalloidin	1	1	1	1.0	1.0	{8}	{8: 1}	{'17388947'}
mmph	1	1	1	1.0	1.0	{8}	{8: 1}	{'34348978'}
beta - estradiol	1	1	1	1.0	1.0	{8}	{8: 1}	{'22306264'}
heme	1	1	1	1.0	1.0	{8}	{8: 1}	{'23416465'}
oxytocin	1	1	1	1.0	1.0	{8}	{8: 1}	{'22306264'}
ca	1	1	1	1.0	1.0	{8}	{8: 1}	{'23946894'}
8 - oxog	1	1	1	1.0	1.0	{8}	{8: 1}	{'19265534'}
mg 132	1	1	1	1.0	1.0	{7}	{7: 1}	{'22457523'}
palmitic acid	1	1	1	1.0	1.0	{8}	{8: 1}	{'22018000'}
gefitinib	1	1	1	1.0	1.0	{8}	{8: 1}	{'20692828'}
oleic acid	1	1	1	1.0	1.0	{8}	{8: 1}	{'22018000'}
ketone	1	1	1	1.0	1.0	{8}	{8: 1}	{'22018000'}
ampk	1	1	1	1.0	1.0	{7}	{7: 1}	{'27557496'}
18fluorodeoxyglucose	1	1	1	1.0	1.0	{8}	{8: 1}	{'22018000'}
carbohydrate	1	1	1	1.0	1.0	{8}	{8: 1}	{'22018000'}
okadaic acid	1	1	1	1.0	1.0	{8}	{8: 1}	{'19176385'}
diferuloylmethane	1	1	1	1.0	1.0	{8}	{8: 1}	{'19176385'}
t47d	1	1	1	1.0	1.0	{8}	{8: 1}	{'29476223'}
zr - 75 - 1	1	1	1	1.0	1.0	{8}	{8: 1}	{'29476223'}
drug	1	1	1	1.0	1.0	{8}	{8: 1}	{'29476223'}
alcohol tert - butanol	1	1	1	1.0	1.0	{8}	{8: 1}	{'18336631'}
4 - methylpyrazole	1	1	1	1.0	1.0	{8}	{8: 1}	{'18336631'}
ru486	1	1	1	1.0	1.0	{8}	{8: 1}	{'18336631'}
hydroxyethyl derivative of sirolimus	1	1	1	1.0	1.0	{8}	{8: 1}	{'29476223'}
corticosterone	1	1	1	1.0	1.0	{8}	{8: 1}	{'18336631'}
ifn - g	1	1	1	1.0	1.0	{8}	{8: 1}	{'19368729'}
quizartinib	1	1	1	1.0	1.0	{8}	{8: 1}	{'33375770'}
oil red o	1	1	1	1.0	1.0	{8}	{8: 1}	{'25510732'}
5 - aminoimidazole - 4 - carboxamide - 1 - beta - d - ribonucleoside	1	1	1	1.0	1.0	{8}	{8: 1}	{'18806097'}
prostaglandin - e2	1	1	1	1.0	1.0	{8}	{8: 1}	{'29287601'}
adenine nucleotide	1	1	1	1.0	1.0	{8}	{8: 1}	{'18806097'}
menadione	1	1	1	1.0	1.0	{9}	{9: 1}	{'16322235'}
o2	1	1	1	1.0	1.0	{9}	{9: 1}	{'16322235'}
uuo	1	1	1	1.0	1.0	{8}	{8: 1}	{'34079249'}
tctp	1	1	1	1.0	1.0	{7}	{7: 1}	{'18274553'}
cs +	1	1	1	1.0	1.0	{7}	{7: 1}	{'34279736'}
superoxide anion	1	1	1	1.0	1.0	{9}	{9: 1}	{'16322235'}
superoxide	1	1	1	1.0	1.0	{7}	{7: 1}	{'33968030'}
valproic acid	1	1	1	1.0	1.0	{7}	{7: 1}	{'30816216'}
polyglutamine	1	1	1	1.0	1.0	{7}	{7: 1}	{'25351248'}
amino	1	1	1	1.0	1.0	{7}	{7: 1}	{'25351248'}
aica ) - riboside	1	1	1	1.0	1.0	{9}	{9: 1}	{'30250638'}
5 - aminoimidazole - 4 - carboxamide	1	1	1	1.0	1.0	{9}	{9: 1}	{'30250638'}
nsa	1	1	1	1.0	1.0	{9}	{9: 1}	{'27756752'}
necrosulfonamide	1	1	1	1.0	1.0	{9}	{9: 1}	{'27756752'}
farnesyl	1	1	1	1.0	1.0	{7}	{7: 1}	{'24889507'}
l - buthionine - sulfoximine	1	1	1	1.0	1.0	{9}	{9: 1}	{'27756752'}
acetate	1	1	1	1.0	1.0	{9}	{9: 1}	{'29885404'}
peg	1	1	1	1.0	1.0	{7}	{7: 1}	{'21593791'}
3ma	1	1	1	1.0	1.0	{7}	{7: 1}	{'21593791'}
5'- ( beta, gamma - imide ) triphosphate	1	1	1	1.0	1.0	{9}	{9: 1}	{'15728574'}
norcantharidin	1	1	1	1.0	1.0	{7}	{7: 1}	{'27289491'}
gppnhp	1	1	1	1.0	1.0	{9}	{9: 1}	{'15728574'}
nvp - bez235	1	1	1	1.0	1.0	{7}	{7: 1}	{'19527517'}
flavokawain a	1	1	1	1.0	1.0	{9}	{9: 1}	{'28959001'}
5'6'- dehydrokawain	1	1	1	1.0	1.0	{9}	{9: 1}	{'28959001'}
nvp	1	1	1	1.0	1.0	{7}	{7: 1}	{'19527517'}
bez235	1	1	1	1.0	1.0	{7}	{7: 1}	{'19527517'}
t4bss	1	1	1	1.0	1.0	{8}	{8: 1}	{'30723133'}
tau	1	1	1	1.0	1.0	{9}	{9: 1}	{'35241183'}
nfe2l2	1	1	1	1.0	1.0	{7}	{7: 1}	{'31216956'}
melphalan	1	1	1	1.0	1.0	{5}	{5: 1}	{'25915427'}
retinal	1	1	1	1.0	1.0	{7}	{7: 1}	{'18988856'}
hbx	1	1	1	1.0	1.0	{2}	{2: 1}	{'22848663'}
thiazolopyrimidine	1	1	1	1.0	1.0	{2}	{2: 1}	{'31955578'}
n - acetylcysteine	1	1	1	1.0	1.0	{2}	{2: 1}	{'30247156'}
vinflunine	1	1	1	1.0	1.0	{2}	{2: 1}	{'24929024'}
cpg	1	1	1	1.0	1.0	{2}	{2: 1}	{'31919282'}
iodothyronine	1	1	1	1.0	1.0	{2}	{2: 1}	{'31919282'}
5'adenosine monophosphate	1	1	1	1.0	1.0	{2}	{2: 1}	{'24466367'}
lamotrigine	1	1	1	1.0	1.0	{2}	{2: 1}	{'31353861'}
pf4708671	1	1	1	1.0	1.0	{2}	{2: 1}	{'31353861'}
azd8055	1	1	1	1.0	1.0	{2}	{2: 1}	{'31353861'}
saponins	1	1	1	1.0	1.0	{2}	{2: 1}	{'34044827'}
polyphenols	1	1	1	1.0	1.0	{2}	{2: 1}	{'34044827'}
flavonoids	1	1	1	1.0	1.0	{2}	{2: 1}	{'34044827'}
ellagic acid	1	1	1	1.0	1.0	{2}	{2: 1}	{'34044827'}
ceeg	1	1	1	1.0	1.0	{2}	{2: 1}	{'34044827'}
epicatechin - gallate	1	1	1	1.0	1.0	{2}	{2: 1}	{'34044827'}
epicatechin	1	1	1	1.0	1.0	{2}	{2: 1}	{'34044827'}
catechin	1	1	1	1.0	1.0	{2}	{2: 1}	{'34044827'}
deferoxamine	1	1	1	1.0	1.0	{2}	{2: 1}	{'19854379'}
tap	1	1	1	1.0	1.0	{2}	{2: 1}	{'32071825'}
rutin	1	1	1	1.0	1.0	{2}	{2: 1}	{'34044827'}
na ( + )	1	1	1	1.0	1.0	{2}	{2: 1}	{'24203997'}
guanabenz	1	1	1	1.0	1.0	{3}	{3: 1}	{'27416896'}
prolyl	1	1	1	1.0	1.0	{3}	{3: 1}	{'29343513'}
pfk15	1	1	1	1.0	1.0	{3}	{3: 1}	{'31958214'}
carbamazepine	1	1	1	1.0	1.0	{3}	{3: 1}	{'33578443'}
calyculin a	1	1	1	1.0	1.0	{3}	{3: 1}	{'18790744'}
ampa	1	1	1	1.0	1.0	{3}	{3: 1}	{'30683131'}
ctx	1	1	1	1.0	1.0	{3}	{3: 1}	{'22932407'}
nicotinamide	1	1	1	1.0	1.0	{3}	{3: 1}	{'20169165'}
nad +	1	1	1	1.0	1.0	{3}	{3: 1}	{'20169165'}
mangosteen xanthones	1	1	1	1.0	1.0	{3}	{3: 1}	{'23682785'}
xanthones	1	1	1	1.0	1.0	{3}	{3: 1}	{'23682785'}
lithium chloride	1	1	1	1.0	1.0	{3}	{3: 1}	{'15972957'}
mycin	1	1	1	1.0	1.0	{3}	{3: 1}	{'30634218'}
secosteroid	1	1	1	1.0	1.0	{3}	{3: 1}	{'29416624'}
1, 25 - dihydroxyvitamin d3	1	1	1	1.0	1.0	{3}	{3: 1}	{'29416624'}
aldosterone	1	1	1	1.0	1.0	{2}	{2: 1}	{'24203997'}
k ( + )	1	1	1	1.0	1.0	{2}	{2: 1}	{'24203997'}
kaempferol	1	1	1	1.0	1.0	{2}	{2: 1}	{'34044827'}
saponin	1	1	1	1.0	1.0	{2}	{2: 1}	{'34044827'}
n - formyl - 3, 4 - methylenedioxy - benzylidene - gamma - butyrolaetam	1	1	1	1.0	1.0	{3}	{3: 1}	{'20350529'}
morpholine	1	1	1	1.0	1.0	{1}	{1: 1}	{'33166139'}
nvp - auy922	1	1	1	1.0	1.0	{0}	{0: 1}	{'23401075'}
afatinib	1	1	1	1.0	1.0	{0}	{0: 1}	{'23401075'}
lapatinib	1	1	1	1.0	1.0	{0}	{0: 1}	{'23401075'}
triciribine	1	1	1	1.0	1.0	{0}	{0: 1}	{'19348060'}
camphor	1	1	1	1.0	1.0	{0}	{0: 1}	{'28294062'}
vanilloid	1	1	1	1.0	1.0	{0}	{0: 1}	{'28294062'}
inositol	1	1	1	1.0	1.0	{0}	{0: 1}	{'25332234'}
vps34	1	1	1	1.0	1.0	{0}	{0: 1}	{'27409169'}
cystine	1	1	1	1.0	1.0	{0}	{0: 1}	{'30760873'}
acetyl - coenzyme a	1	1	1	1.0	1.0	{0}	{0: 1}	{'31433805'}
adr	1	1	1	1.0	1.0	{0}	{0: 1}	{'30349304'}
ppz	1	1	1	1.0	1.0	{0}	{0: 1}	{'30349304'}
esomeprazole	1	1	1	1.0	1.0	{0}	{0: 1}	{'30349304'}
pantoprazole	1	1	1	1.0	1.0	{0}	{0: 1}	{'30349304'}
tfeb	1	1	1	1.0	1.0	{0}	{0: 1}	{'35072947'}
tfe3	1	1	1	1.0	1.0	{0}	{0: 1}	{'35072947'}
2 - ( 4 - morpholinyl ) - 8 - phenyl - 4h - 1 - benzopyran - 4 - one	1	1	1	1.0	1.0	{0}	{0: 1}	{'33352197'}
nvp -	1	1	1	1.0	1.0	{0}	{0: 1}	{'23401075'}
statins	1	1	1	1.0	1.0	{1}	{1: 1}	{'28844017'}
rb1cc1	1	1	1	1.0	1.0	{2}	{2: 1}	{'16865226'}
tetracycline	1	1	1	1.0	1.0	{1}	{1: 1}	{'15988001'}
hydroxyproline	1	1	1	1.0	1.0	{2}	{2: 1}	{'27819329'}
triptolide	1	1	1	1.0	1.0	{2}	{2: 1}	{'34707679'}
hyperin	1	1	1	1.0	1.0	{2}	{2: 1}	{'34707679'}
h2o2	1	1	1	1.0	1.0	{1}	{1: 1}	{'25324725'}
suvorexant	1	1	1	1.0	1.0	{1}	{1: 1}	{'31605778'}
propranolol	1	1	1	1.0	1.0	{1}	{1: 1}	{'25590233'}
reduced glutathione	1	1	1	1.0	1.0	{1}	{1: 1}	{'19148492'}
deforolimus	1	1	1	1.0	1.0	{1}	{1: 1}	{'22544507'}
5 - aminoimidazole - 4 - carboxamide riboside	1	1	1	1.0	1.0	{1}	{1: 1}	{'21383064'}
pi ( 3, 4, 5 ) p3	1	1	1	1.0	1.0	{1}	{1: 1}	{'24662006'}
phosphatidylinositol ( 3, 4, 5 ) - trisphosphate	1	1	1	1.0	1.0	{1}	{1: 1}	{'24662006'}
pi ( 4, 5 ) p2	1	1	1	1.0	1.0	{1}	{1: 1}	{'24662006'}
phosphatidylinositol ( 4, 5 ) - bisphosphate	1	1	1	1.0	1.0	{1}	{1: 1}	{'24662006'}
rock	1	1	1	1.0	1.0	{1}	{1: 1}	{'23355874'}
caerulein	1	1	1	1.0	1.0	{1}	{1: 1}	{'35211358'}
tnfalpha	1	1	1	1.0	1.0	{1}	{1: 1}	{'18030348'}
cae45978	1	1	1	1.0	1.0	{1}	{1: 1}	{'18030348'}
cyclodipeptides	1	1	1	1.0	1.0	{3}	{3: 1}	{'32617785'}
ionomycin	1	1	1	1.0	1.0	{3}	{3: 1}	{'28637240'}
streptozotocin	1	1	1	1.0	1.0	{7}	{7: 1}	{'27032892'}
salubrinal	1	1	1	1.0	1.0	{6}	{6: 1}	{'28776456'}
thapsigargin	1	1	1	1.0	1.0	{6}	{6: 1}	{'28776456'}
n - methyl - d - aspartate	1	1	1	1.0	1.0	{6}	{6: 1}	{'25081057'}
bag3	1	1	1	1.0	1.0	{6}	{6: 1}	{'27756573'}
emetine	1	1	1	1.0	1.0	{6}	{6: 1}	{'26846849'}
kainic acid	1	1	1	1.0	1.0	{6}	{6: 1}	{'27263037'}
bisphenol a	1	1	1	1.0	1.0	{6}	{6: 1}	{'31551937'}
1, 3, 5 - triazine	1	1	1	1.0	1.0	{6}	{6: 1}	{'32890589'}
kainate	1	1	1	1.0	1.0	{6}	{6: 1}	{'32890589'}
steroids	1	1	1	1.0	1.0	{5}	{5: 1}	{'23519178'}
steroid	1	1	1	1.0	1.0	{5}	{5: 1}	{'26713679'}
nh ( 2 )	1	1	1	1.0	1.0	{5}	{5: 1}	{'20622121'}
epicatechin - 3 - gallate	1	1	1	1.0	1.0	{5}	{5: 1}	{'26003087'}
12	1	1	1	1.0	1.0	{5}	{5: 1}	{'19299312'}
fk506	1	1	1	1.0	1.0	{5}	{5: 1}	{'19299312'}
afinitor	1	1	1	1.0	1.0	{5}	{5: 1}	{'21806479'}
serotonin	1	1	1	1.0	1.0	{5}	{5: 1}	{'20354178'}
esa	1	1	1	1.0	1.0	{5}	{5: 1}	{'29743490'}
tunicamycin	1	1	1	1.0	1.0	{6}	{6: 1}	{'28776456'}
4 - phenylbutyric acid	1	1	1	1.0	1.0	{6}	{6: 1}	{'28776456'}
tacrolimus	1	1	1	1.0	1.0	{5}	{5: 1}	{'25380949'}
[ 4'- ( n - diethylamino ) butyl ] - 2 - chlorophenoxazine	1	1	1	1.0	1.0	{6}	{6: 1}	{'28776456'}
mk2206	1	1	1	1.0	1.0	{7}	{7: 1}	{'25005758'}
40 - o - ( 2 - hydroxyethyl ) - rapamycin	1	1	1	1.0	1.0	{7}	{7: 1}	{'18495876'}
- releasing hormone	1	1	1	1.0	1.0	{7}	{7: 1}	{'28706850'}
11s	1	1	1	1.0	1.0	{7}	{7: 1}	{'33537033'}
sb	1	1	1	1.0	1.0	{7}	{7: 1}	{'33537033'}
α - galactosylceramide	1	1	1	1.0	1.0	{6}	{6: 1}	{'24532578'}
t1462	1	1	1	1.0	1.0	{6}	{6: 1}	{'16862180'}
rosiglitazone	1	1	1	1.0	1.0	{6}	{6: 1}	{'27734035'}
pentacyclic triterpenoid	1	1	1	1.0	1.0	{6}	{6: 1}	{'24740400'}
ursolic acid	1	1	1	1.0	1.0	{6}	{6: 1}	{'24740400'}
qpcr	1	1	1	1.0	1.0	{6}	{6: 1}	{'25283550'}
17α - estradiol	1	1	1	1.0	1.0	{6}	{6: 1}	{'25283550'}
82 amino acid	1	1	1	1.0	1.0	{6}	{6: 1}	{'27824141'}
ki - 67	1	1	1	1.0	1.0	{6}	{6: 1}	{'23980085'}
mki67	1	1	1	1.0	1.0	{6}	{6: 1}	{'23980085'}
niban	1	1	1	1.0	1.0	{6}	{6: 1}	{'14990989'}
10 - ncp	1	1	1	1.0	1.0	{6}	{6: 1}	{'28776456'}
mycophenolate mofetil	1	1	1	1.0	1.0	{5}	{5: 1}	{'25380949'}
methylprednisolone	1	1	1	1.0	1.0	{5}	{5: 1}	{'25380949'}
guanine nucleotides	1	1	1	1.0	1.0	{3}	{3: 1}	{'16757313'}
gadolinium	1	1	1	1.0	1.0	{4}	{4: 1}	{'26626406'}
torin	1	1	1	1.0	1.0	{4}	{4: 1}	{'24627160'}
phosphatidylinositide - 3 - oh	1	1	1	1.0	1.0	{4}	{4: 1}	{'12403809'}
hematoxylin	1	1	1	1.0	1.0	{4}	{4: 1}	{'23903681'}
bms - 225975	1	1	1	1.0	1.0	{4}	{4: 1}	{'15956249'}
bms - 214662	1	1	1	1.0	1.0	{4}	{4: 1}	{'15956249'}
(	1	1	1	1.0	1.0	{4}	{4: 1}	{'22884327'}
pseudolaric acid b	1	1	1	1.0	1.0	{4}	{4: 1}	{'23810968'}
lysolecithin	1	1	1	1.0	1.0	{4}	{4: 1}	{'28694334'}
tpa	1	1	1	1.0	1.0	{4}	{4: 1}	{'16170341'}
compound 401	1	1	1	1.0	1.0	{4}	{4: 1}	{'17562705'}
amiloride	1	1	1	1.0	1.0	{4}	{4: 1}	{'28972182'}
uk122	1	1	1	1.0	1.0	{4}	{4: 1}	{'28972182'}
thymidine	1	1	1	1.0	1.0	{4}	{4: 1}	{'24216105'}
arginine vasopressin	1	1	1	1.0	1.0	{4}	{4: 1}	{'24216105'}
sulforhodamine b	1	1	1	1.0	1.0	{4}	{4: 1}	{'26026094'}
roscovitine	1	1	1	1.0	1.0	{3}	{3: 1}	{'16393152'}
1 alpha, 25 - dihydroxyvitamin d ( 3 )	1	1	1	1.0	1.0	{3}	{3: 1}	{'26213322'}
haematoxilin	1	1	1	1.0	1.0	{4}	{4: 1}	{'26626406'}
nab	1	1	1	1.0	1.0	{4}	{4: 1}	{'35499412'}
fcd	1	1	1	1.0	1.0	{5}	{5: 1}	{'33834938'}
rapamirs	1	1	1	1.0	1.0	{5}	{5: 1}	{'23555865'}
cyclic adenosine monophosphate	1	1	1	1.0	1.0	{5}	{5: 1}	{'16300636'}
estrogens	1	1	1	1.0	1.0	{5}	{5: 1}	{'25580270'}
wp1066	1	1	1	1.0	1.0	{5}	{5: 1}	{'26775702'}
tyr	1	1	1	1.0	1.0	{5}	{5: 1}	{'26775702'}
rapamycin c1	1	1	1	1.0	1.0	{5}	{5: 1}	{'33398801'}
cyclosporin a	1	1	1	1.0	1.0	{5}	{5: 1}	{'22696685'}
a23187	1	1	1	1.0	1.0	{5}	{5: 1}	{'22696685'}
phorbol 12 - myristate 13 - acetate	1	1	1	1.0	1.0	{5}	{5: 1}	{'22696685'}
( 18 ) f - fluoro - deoxyglucose	1	1	1	1.0	1.0	{5}	{5: 1}	{'18511518'}
s14161	1	1	1	1.0	1.0	{5}	{5: 1}	{'25915427'}
as2o3	1	1	1	1.0	1.0	{5}	{5: 1}	{'25915427'}
hoechst 33342	1	1	1	1.0	1.0	{5}	{5: 1}	{'25915427'}
cp1	1	1	1	1.0	1.0	{5}	{5: 1}	{'20169078'}
carboxy	1	1	1	1.0	1.0	{5}	{5: 1}	{'20169078'}
- 1	1	1	1	1.0	1.0	{5}	{5: 1}	{'20169078'}
h2 o2	1	1	1	1.0	1.0	{5}	{5: 1}	{'33786950'}
polycystin	1	1	1	1.0	1.0	{5}	{5: 1}	{'29323708'}
calcium ion	1	1	1	1.0	1.0	{9}	{9: 1}	{'34291500'}
